kitsu_sugita,いのまたほうけい,"2020-07-30 22:49:35"
admin,いのまたアなる童貞,"2020-07-30 22:50:50"
kei_inomata,おらはどうて,"2020-07-30 22:51:47"
aaa,810の11451は聞き飽きた,"2020-07-31 03:31:19"
kitsu_sugita,けつの穴大好き,"2020-08-01 19:17:45"
kitsu_sugita,,"2020-08-01 20:34:03"
kitsu_sugita,,"2020-08-01 20:34:04"
kitsu_sugita,,"2020-08-01 20:34:04"
kitsu_sugita,,"2020-08-01 20:34:04"
kitsu_sugita,,"2020-08-01 20:34:05"
kitsu_sugita,,"2020-08-01 21:11:34"
kitsu_sugita,ああああ,"2020-08-01 21:11:45"
kitsu_sugita,aaaaaaaaaaaaaaaaaaaaaaaaaaaaaaaa,"2020-08-01 21:12:33"
kitsu_sugita,あああああああああああああああああああああああああああああああああ,"2020-08-01 21:12:53"
kitsu_sugita,あ,"2020-08-01 21:13:07"
kitsu_sugita,あ,"2020-08-01 21:14:28"
kitsu_sugita,あ,"2020-08-01 21:18:28"
kitsu_sugita,,"2020-08-02 23:27:15"
kitsu_sugita,,"2020-08-02 23:27:19"
kitsu_sugita,,"2020-08-02 23:31:02"
kitsu_sugita,,"2020-08-02 23:31:10"
kitsu_sugita,,"2020-08-02 23:32:41"
kitsu_sugita,a,"2020-08-02 23:34:04"
kitsu_sugita,,"2020-08-02 23:34:11"
kitsu_sugita,,"2020-08-02 23:44:06"
kitsu_sugita,,"2020-08-02 23:44:11"
kitsu_sugita,,"2020-08-03 12:57:36"
kitsu_sugita,hello!,"2020-08-03 12:58:45"
kitsu_sugita,,"2020-08-03 12:59:01"
kitsu_sugita,aaaaa,"2020-08-03 13:01:18"
aaa,,"2020-08-03 13:05:08"
aaa,,"2020-08-03 13:05:36"
kitsu_sugita,aaaaa,"2020-08-10 01:52:46"
